shape,raw_min,raw_max,hu_min,hu_max,rescale_slope,rescale_intercept,min_export,orig_id
"(140, 512, 512)",-1024.0,6916.0,-2048.0,5892.0,1.0,-1024.0,1024,LIDC-IDRI-0003
"(241, 512, 512)",-2000.0,4095.0,-3024.0,3071.0,1.0,-1024.0,2000,LIDC-IDRI-0004
"(133, 512, 512)",-1024.0,4095.0,-2048.0,3071.0,1.0,-1024.0,1024,LIDC-IDRI-0005
"(133, 512, 512)",-1024.0,4095.0,-2048.0,3071.0,1.0,-1024.0,1024,LIDC-IDRI-0006
"(145, 512, 512)",-1024.0,4095.0,-2048.0,3071.0,1.0,-1024.0,1024,LIDC-IDRI-0007
"(133, 512, 512)",-1024.0,4095.0,-2048.0,3071.0,1.0,-1024.0,1024,LIDC-IDRI-0008
"(256, 512, 512)",-2000.0,2773.0,-3024.0,1749.0,1.0,-1024.0,2000,LIDC-IDRI-0009
"(277, 512, 512)",-2000.0,4095.0,-3024.0,3071.0,1.0,-1024.0,2000,LIDC-IDRI-0010
"(128, 512, 512)",-1024.0,4095.0,-2048.0,3071.0,1.0,-1024.0,1024,LIDC-IDRI-0011
"(128, 512, 512)",-1024.0,4095.0,-2048.0,3071.0,1.0,-1024.0,1024,LIDC-IDRI-0012
"(125, 512, 512)",-1024.0,4095.0,-2048.0,3071.0,1.0,-1024.0,1024,LIDC-IDRI-0013
"(114, 512, 512)",-1024.0,4095.0,-2048.0,3071.0,1.0,-1024.0,1024,LIDC-IDRI-0014
"(209, 512, 512)",-2000.0,4095.0,-3024.0,3071.0,1.0,-1024.0,2000,LIDC-IDRI-0015
"(141, 512, 512)",-1024.0,4095.0,-2048.0,3071.0,1.0,-1024.0,1024,LIDC-IDRI-0016
"(238, 512, 512)",-2000.0,3490.0,-3024.0,2466.0,1.0,-1024.0,2000,LIDC-IDRI-0017
"(127, 512, 512)",-1024.0,4095.0,-2048.0,3071.0,1.0,-1024.0,1024,LIDC-IDRI-0018
"(225, 512, 512)",-2000.0,4095.0,-3024.0,3071.0,1.0,-1024.0,2000,LIDC-IDRI-0020
"(149, 512, 512)",-1024.0,4095.0,-2048.0,3071.0,1.0,-1024.0,1024,LIDC-IDRI-0021
"(133, 512, 512)",-1024.0,4095.0,-2048.0,3071.0,1.0,-1024.0,1024,LIDC-IDRI-0024
"(265, 512, 512)",-2000.0,4095.0,-3024.0,3071.0,1.0,-1024.0,2000,LIDC-IDRI-0025
"(257, 512, 512)",-2000.0,2774.0,-3024.0,1750.0,1.0,-1024.0,2000,LIDC-IDRI-0026
"(133, 512, 512)",-1024.0,3190.0,-2048.0,2166.0,1.0,-1024.0,1024,LIDC-IDRI-0027
"(119, 512, 512)",-1024.0,7373.0,-2048.0,6349.0,1.0,-1024.0,1024,LIDC-IDRI-0030
"(133, 512, 512)",-1024.0,4095.0,-2048.0,3071.0,1.0,-1024.0,1024,LIDC-IDRI-0031
"(137, 512, 512)",-1024.0,4095.0,-2048.0,3071.0,1.0,-1024.0,1024,LIDC-IDRI-0033
"(265, 512, 512)",-2000.0,3208.0,-3024.0,2184.0,1.0,-1024.0,2000,LIDC-IDRI-0034
"(273, 512, 512)",-2000.0,4095.0,-3024.0,3071.0,1.0,-1024.0,2000,LIDC-IDRI-0036
"(141, 512, 512)",-1024.0,4095.0,-2048.0,3071.0,1.0,-1024.0,1024,LIDC-IDRI-0037
"(133, 512, 512)",-1024.0,4095.0,-2048.0,3071.0,1.0,-1024.0,1024,LIDC-IDRI-0038
"(281, 512, 512)",-2000.0,4095.0,-3024.0,3071.0,1.0,-1024.0,2000,LIDC-IDRI-0039
"(121, 512, 512)",-1024.0,4095.0,-2048.0,3071.0,1.0,-1024.0,1024,LIDC-IDRI-0040
"(149, 512, 512)",-1024.0,4095.0,-2048.0,3071.0,1.0,-1024.0,1024,LIDC-IDRI-0041
"(123, 512, 512)",-1024.0,4095.0,-2048.0,3071.0,1.0,-1024.0,1024,LIDC-IDRI-0042
"(113, 512, 512)",-1024.0,4095.0,-2048.0,3071.0,1.0,-1024.0,1024,LIDC-IDRI-0043
"(147, 512, 512)",-1024.0,4095.0,-2048.0,3071.0,1.0,-1024.0,1024,LIDC-IDRI-0044
"(133, 512, 512)",-1024.0,3082.0,-2048.0,2058.0,1.0,-1024.0,1024,LIDC-IDRI-0045
"(128, 512, 512)",-1024.0,4095.0,-2048.0,3071.0,1.0,-1024.0,1024,LIDC-IDRI-0046
"(133, 512, 512)",-1024.0,4095.0,-2048.0,3071.0,1.0,-1024.0,1024,LIDC-IDRI-0047
"(297, 512, 512)",-2000.0,2862.0,-3024.0,1838.0,1.0,-1024.0,2000,LIDC-IDRI-0048
"(133, 512, 512)",-1024.0,4095.0,-2048.0,3071.0,1.0,-1024.0,1024,LIDC-IDRI-0049
"(133, 512, 512)",-1024.0,4095.0,-2048.0,3071.0,1.0,-1024.0,1024,LIDC-IDRI-0051
"(272, 512, 512)",-1024.0,4095.0,-2048.0,3071.0,1.0,-1024.0,1024,LIDC-IDRI-0052
"(111, 512, 512)",-1024.0,7020.0,-2048.0,5996.0,1.0,-1024.0,1024,LIDC-IDRI-0053
"(133, 512, 512)",-1024.0,4095.0,-2048.0,3071.0,1.0,-1024.0,1024,LIDC-IDRI-0054
"(139, 512, 512)",-1024.0,4095.0,-2048.0,3071.0,1.0,-1024.0,1024,LIDC-IDRI-0055
"(245, 512, 512)",-2000.0,4095.0,-3024.0,3071.0,1.0,-1024.0,2000,LIDC-IDRI-0056
"(133, 512, 512)",-1024.0,4095.0,-2048.0,3071.0,1.0,-1024.0,1024,LIDC-IDRI-0058
"(133, 512, 512)",-1024.0,4095.0,-2048.0,3071.0,1.0,-1024.0,1024,LIDC-IDRI-0059
"(115, 512, 512)",-1024.0,4095.0,-2048.0,3071.0,1.0,-1024.0,1024,LIDC-IDRI-0060
"(123, 512, 512)",-1024.0,4095.0,-2048.0,3071.0,1.0,-1024.0,1024,LIDC-IDRI-0061
"(133, 512, 512)",-1024.0,4095.0,-2048.0,3071.0,1.0,-1024.0,1024,LIDC-IDRI-0063
"(237, 512, 512)",-2000.0,4095.0,-3024.0,3071.0,1.0,-1024.0,2000,LIDC-IDRI-0065
"(733, 512, 512)",0.0,4095.0,-1024.0,3071.0,1.0,-1024.0,0,LIDC-IDRI-0066
"(244, 512, 512)",-1024.0,4095.0,-2048.0,3071.0,1.0,-1024.0,1024,LIDC-IDRI-0067
"(261, 512, 512)",-2000.0,4095.0,-3024.0,3071.0,1.0,-1024.0,2000,LIDC-IDRI-0068
"(136, 512, 512)",-2479.0,24796.0,-2479.0,24796.0,1.0,0.0,2048,LIDC-IDRI-0069
"(133, 512, 512)",-1024.0,4095.0,-2048.0,3071.0,1.0,-1024.0,1024,LIDC-IDRI-0070
"(131, 512, 512)",-1024.0,4095.0,-2048.0,3071.0,1.0,-1024.0,1024,LIDC-IDRI-0073
"(109, 512, 512)",-1024.0,4095.0,-2048.0,3071.0,1.0,-1024.0,1024,LIDC-IDRI-0074
"(257, 512, 512)",-2000.0,2888.0,-3024.0,1864.0,1.0,-1024.0,2000,LIDC-IDRI-0075
"(297, 512, 512)",-2000.0,4095.0,-3024.0,3071.0,1.0,-1024.0,2000,LIDC-IDRI-0076
"(87, 512, 512)",-2048.0,8155.0,-2048.0,8155.0,1.0,0.0,2048,LIDC-IDRI-0078
"(113, 512, 512)",-7132.0,18507.0,-7132.0,18507.0,1.0,0.0,2048,LIDC-IDRI-0079
"(126, 512, 512)",-1024.0,4095.0,-2048.0,3071.0,1.0,-1024.0,1024,LIDC-IDRI-0081
"(242, 512, 512)",-6195.0,23655.0,-7219.0,22631.0,1.0,-1024.0,1024,LIDC-IDRI-0082
"(218, 512, 512)",-1024.0,4095.0,-2048.0,3071.0,1.0,-1024.0,1024,LIDC-IDRI-0083
"(166, 512, 512)",-4471.0,29247.0,-4471.0,29247.0,1.0,0.0,2048,LIDC-IDRI-0084
"(246, 512, 512)",0.0,4095.0,-1024.0,3071.0,1.0,-1024.0,0,LIDC-IDRI-0086
"(241, 512, 512)",-2000.0,4095.0,-3024.0,3071.0,1.0,-1024.0,2000,LIDC-IDRI-0088
"(133, 512, 512)",-1024.0,4095.0,-2048.0,3071.0,1.0,-1024.0,1024,LIDC-IDRI-0090
"(197, 512, 512)",-1024.0,4095.0,-2048.0,3071.0,1.0,-1024.0,1024,LIDC-IDRI-0091
"(241, 512, 512)",-2000.0,3937.0,-3024.0,2913.0,1.0,-1024.0,2000,LIDC-IDRI-0092
"(125, 512, 512)",-1024.0,4095.0,-2048.0,3071.0,1.0,-1024.0,1024,LIDC-IDRI-0093
"(343, 512, 512)",0.0,4095.0,-1024.0,3071.0,1.0,-1024.0,0,LIDC-IDRI-0095
"(245, 512, 512)",-2000.0,4095.0,-3024.0,3071.0,1.0,-1024.0,2000,LIDC-IDRI-0097
"(104, 512, 512)",0.0,4095.0,-1024.0,3071.0,1.0,-1024.0,0,LIDC-IDRI-0098
"(194, 512, 512)",-1024.0,4095.0,-2048.0,3071.0,1.0,-1024.0,1024,LIDC-IDRI-0099
"(150, 512, 512)",0.0,3854.0,-1024.0,2830.0,1.0,-1024.0,0,LIDC-IDRI-0101
"(143, 512, 512)",-1024.0,4095.0,-2048.0,3071.0,1.0,-1024.0,1024,LIDC-IDRI-0102
"(111, 512, 512)",0.0,4095.0,-1024.0,3071.0,1.0,-1024.0,0,LIDC-IDRI-0103
"(105, 512, 512)",-2048.0,5705.0,-2048.0,5705.0,1.0,0.0,2048,LIDC-IDRI-0104
"(154, 512, 512)",-1024.0,4095.0,-2048.0,3071.0,1.0,-1024.0,1024,LIDC-IDRI-0105
"(158, 512, 512)",-2178.0,16393.0,-2178.0,16393.0,1.0,0.0,2048,LIDC-IDRI-0106
"(143, 512, 512)",-1024.0,4095.0,-2048.0,3071.0,1.0,-1024.0,1024,LIDC-IDRI-0108
"(223, 512, 512)",-1024.0,4095.0,-2048.0,3071.0,1.0,-1024.0,1024,LIDC-IDRI-0109
"(125, 512, 512)",0.0,4085.0,-1024.0,3061.0,1.0,-1024.0,0,LIDC-IDRI-0110
"(133, 512, 512)",-1024.0,3199.0,-2048.0,2175.0,1.0,-1024.0,1024,LIDC-IDRI-0111
"(123, 512, 512)",-1024.0,4095.0,-2048.0,3071.0,1.0,-1024.0,1024,LIDC-IDRI-0112
"(145, 512, 512)",-1024.0,4095.0,-2048.0,3071.0,1.0,-1024.0,1024,LIDC-IDRI-0113
"(214, 512, 512)",-1024.0,4095.0,-2048.0,3071.0,1.0,-1024.0,1024,LIDC-IDRI-0114
"(133, 512, 512)",-1024.0,4095.0,-2048.0,3071.0,1.0,-1024.0,1024,LIDC-IDRI-0116
"(122, 512, 512)",-2048.0,2104.0,-2048.0,2104.0,1.0,0.0,2048,LIDC-IDRI-0117
"(265, 512, 512)",-2000.0,4095.0,-3024.0,3071.0,1.0,-1024.0,2000,LIDC-IDRI-0118
"(345, 512, 512)",0.0,4095.0,-1024.0,3071.0,1.0,-1024.0,0,LIDC-IDRI-0119
"(183, 512, 512)",-32768.0,32767.0,-32768.0,32767.0,1.0,0.0,2048,LIDC-IDRI-0120
"(277, 512, 512)",-2000.0,4095.0,-3024.0,3071.0,1.0,-1024.0,2000,LIDC-IDRI-0121
"(119, 512, 512)",-1024.0,4095.0,-2048.0,3071.0,1.0,-1024.0,1024,LIDC-IDRI-0122
"(236, 512, 512)",-1024.0,4095.0,-2048.0,3071.0,1.0,-1024.0,1024,LIDC-IDRI-0123
"(117, 512, 512)",-1024.0,4095.0,-2048.0,3071.0,1.0,-1024.0,1024,LIDC-IDRI-0124
"(238, 512, 512)",-1999.0,9085.0,-3023.0,8061.0,1.0,-1024.0,1024,LIDC-IDRI-0125
"(137, 512, 512)",-1024.0,4095.0,-2048.0,3071.0,1.0,-1024.0,1024,LIDC-IDRI-0126
"(257, 512, 512)",-2000.0,4095.0,-3024.0,3071.0,1.0,-1024.0,2000,LIDC-IDRI-0128
"(253, 512, 512)",-1024.0,4095.0,-2048.0,3071.0,1.0,-1024.0,1024,LIDC-IDRI-0129
"(324, 512, 512)",0.0,4095.0,-1024.0,3071.0,1.0,-1024.0,0,LIDC-IDRI-0130
"(197, 512, 512)",-1024.0,4095.0,-2048.0,3071.0,1.0,-1024.0,1024,LIDC-IDRI-0131
"(127, 512, 512)",0.0,4095.0,-1024.0,3071.0,1.0,-1024.0,0,LIDC-IDRI-0132
"(238, 512, 512)",-1024.0,4095.0,-2048.0,3071.0,1.0,-1024.0,1024,LIDC-IDRI-0133
"(118, 512, 512)",-2048.0,4053.0,-2048.0,4053.0,1.0,0.0,2048,LIDC-IDRI-0134
"(127, 512, 512)",-1024.0,4095.0,-2048.0,3071.0,1.0,-1024.0,1024,LIDC-IDRI-0135
"(153, 512, 512)",0.0,4095.0,-1024.0,3071.0,1.0,-1024.0,0,LIDC-IDRI-0136
"(145, 512, 512)",-1024.0,4095.0,-2048.0,3071.0,1.0,-1024.0,1024,LIDC-IDRI-0137
"(114, 512, 512)",-1024.0,4095.0,-2048.0,3071.0,1.0,-1024.0,1024,LIDC-IDRI-0139
"(588, 512, 512)",0.0,4095.0,-1024.0,3071.0,1.0,-1024.0,0,LIDC-IDRI-0140
"(368, 512, 512)",0.0,4095.0,-1024.0,3071.0,1.0,-1024.0,0,LIDC-IDRI-0141
"(333, 512, 512)",0.0,4095.0,-1024.0,3071.0,1.0,-1024.0,0,LIDC-IDRI-0142
"(133, 512, 512)",-1024.0,3071.0,-1024.0,3071.0,1.0,0.0,1024,LIDC-IDRI-0144
"(139, 512, 512)",-1024.0,4095.0,-2048.0,3071.0,1.0,-1024.0,1024,LIDC-IDRI-0145
"(136, 512, 512)",-2048.0,4468.0,-2048.0,4468.0,1.0,0.0,2048,LIDC-IDRI-0147
"(143, 512, 512)",-1024.0,4095.0,-2048.0,3071.0,1.0,-1024.0,1024,LIDC-IDRI-0149
"(102, 512, 512)",-2048.0,4535.0,-2048.0,4535.0,1.0,0.0,2048,LIDC-IDRI-0150
"(111, 512, 512)",0.0,4095.0,-1024.0,3071.0,1.0,-1024.0,0,LIDC-IDRI-0151
"(135, 512, 512)",-1024.0,4095.0,-2048.0,3071.0,1.0,-1024.0,1024,LIDC-IDRI-0152
"(139, 512, 512)",-1024.0,4095.0,-2048.0,3071.0,1.0,-1024.0,1024,LIDC-IDRI-0153
"(115, 512, 512)",-2048.0,2845.0,-2048.0,2845.0,1.0,0.0,2048,LIDC-IDRI-0154
"(238, 512, 512)",-1024.0,4095.0,-2048.0,3071.0,1.0,-1024.0,1024,LIDC-IDRI-0155
"(127, 512, 512)",-2048.0,4094.0,-2048.0,4094.0,1.0,0.0,2048,LIDC-IDRI-0156
"(133, 512, 512)",-1024.0,4095.0,-2048.0,3071.0,1.0,-1024.0,1024,LIDC-IDRI-0157
"(251, 512, 512)",-2000.0,4095.0,-3024.0,3071.0,1.0,-1024.0,2000,LIDC-IDRI-0158
"(137, 512, 512)",-1024.0,4095.0,-2048.0,3071.0,1.0,-1024.0,1024,LIDC-IDRI-0159
"(140, 512, 512)",-1024.0,4095.0,-2048.0,3071.0,1.0,-1024.0,1024,LIDC-IDRI-0160
"(251, 512, 512)",-1024.0,4095.0,-2048.0,3071.0,1.0,-1024.0,1024,LIDC-IDRI-0161
"(133, 512, 512)",-1024.0,4095.0,-2048.0,3071.0,1.0,-1024.0,1024,LIDC-IDRI-0162
"(258, 512, 512)",-1024.0,4095.0,-2048.0,3071.0,1.0,-1024.0,1024,LIDC-IDRI-0164
"(133, 512, 512)",-1024.0,4095.0,-2048.0,3071.0,1.0,-1024.0,1024,LIDC-IDRI-0167
"(232, 512, 512)",-1024.0,4095.0,-2048.0,3071.0,1.0,-1024.0,1024,LIDC-IDRI-0168
"(238, 512, 512)",-1024.0,4095.0,-2048.0,3071.0,1.0,-1024.0,1024,LIDC-IDRI-0169
"(95, 512, 512)",-1024.0,4095.0,-2048.0,3071.0,1.0,-1024.0,1024,LIDC-IDRI-0171
"(145, 512, 512)",-1024.0,4095.0,-2048.0,3071.0,1.0,-1024.0,1024,LIDC-IDRI-0173
"(214, 512, 512)",-1024.0,4095.0,-2048.0,3071.0,1.0,-1024.0,1024,LIDC-IDRI-0176
"(133, 512, 512)",-1024.0,2499.0,-2048.0,1475.0,1.0,-1024.0,1024,LIDC-IDRI-0177
"(123, 512, 512)",-1024.0,4095.0,-2048.0,3071.0,1.0,-1024.0,1024,LIDC-IDRI-0179
"(238, 512, 512)",-1024.0,4095.0,-2048.0,3071.0,1.0,-1024.0,1024,LIDC-IDRI-0180
"(150, 512, 512)",-1024.0,4095.0,-2048.0,3071.0,1.0,-1024.0,1024,LIDC-IDRI-0181
"(133, 512, 512)",-1024.0,4095.0,-2048.0,3071.0,1.0,-1024.0,1024,LIDC-IDRI-0182
"(139, 512, 512)",-1024.0,4095.0,-2048.0,3071.0,1.0,-1024.0,1024,LIDC-IDRI-0183
"(133, 512, 512)",-1024.0,4095.0,-2048.0,3071.0,1.0,-1024.0,1024,LIDC-IDRI-0185
"(137, 512, 512)",-1024.0,4095.0,-2048.0,3071.0,1.0,-1024.0,1024,LIDC-IDRI-0186
"(143, 512, 512)",-1024.0,4095.0,-2048.0,3071.0,1.0,-1024.0,1024,LIDC-IDRI-0187
"(113, 512, 512)",-1024.0,4095.0,-2048.0,3071.0,1.0,-1024.0,1024,LIDC-IDRI-0188
"(127, 512, 512)",-1024.0,4095.0,-2048.0,3071.0,1.0,-1024.0,1024,LIDC-IDRI-0190
"(246, 512, 512)",-1024.0,4095.0,-2048.0,3071.0,1.0,-1024.0,1024,LIDC-IDRI-0192
"(127, 512, 512)",-1024.0,4095.0,-2048.0,3071.0,1.0,-1024.0,1024,LIDC-IDRI-0193
"(149, 512, 512)",-1024.0,4095.0,-2048.0,3071.0,1.0,-1024.0,1024,LIDC-IDRI-0194
"(133, 512, 512)",-1024.0,4095.0,-2048.0,3071.0,1.0,-1024.0,1024,LIDC-IDRI-0195
"(133, 512, 512)",-1024.0,4095.0,-2048.0,3071.0,1.0,-1024.0,1024,LIDC-IDRI-0196
"(133, 512, 512)",-1024.0,4095.0,-2048.0,3071.0,1.0,-1024.0,1024,LIDC-IDRI-0198
"(233, 512, 512)",-12209.0,32767.0,-13233.0,31743.0,1.0,-1024.0,1024,LIDC-IDRI-0199
"(117, 512, 512)",-1024.0,4095.0,-2048.0,3071.0,1.0,-1024.0,1024,LIDC-IDRI-0200
"(133, 512, 512)",-1024.0,4095.0,-2048.0,3071.0,1.0,-1024.0,1024,LIDC-IDRI-0201
"(111, 512, 512)",-1024.0,4095.0,-2048.0,3071.0,1.0,-1024.0,1024,LIDC-IDRI-0202
"(147, 512, 512)",-1024.0,4095.0,-2048.0,3071.0,1.0,-1024.0,1024,LIDC-IDRI-0203
"(133, 512, 512)",-1024.0,4095.0,-2048.0,3071.0,1.0,-1024.0,1024,LIDC-IDRI-0204
"(301, 512, 512)",-2000.0,2681.0,-3024.0,1657.0,1.0,-1024.0,2000,LIDC-IDRI-0206
"(238, 512, 512)",-1024.0,4095.0,-2048.0,3071.0,1.0,-1024.0,1024,LIDC-IDRI-0207
"(109, 512, 512)",-1024.0,3294.0,-2048.0,2270.0,1.0,-1024.0,1024,LIDC-IDRI-0208
"(141, 512, 512)",-1024.0,4095.0,-2048.0,3071.0,1.0,-1024.0,1024,LIDC-IDRI-0209
"(128, 512, 512)",-1024.0,4095.0,-2048.0,3071.0,1.0,-1024.0,1024,LIDC-IDRI-0210
"(230, 512, 512)",-1024.0,4095.0,-2048.0,3071.0,1.0,-1024.0,1024,LIDC-IDRI-0211
"(127, 512, 512)",-1024.0,4095.0,-2048.0,3071.0,1.0,-1024.0,1024,LIDC-IDRI-0213
"(249, 512, 512)",-2000.0,4095.0,-3024.0,3071.0,1.0,-1024.0,2000,LIDC-IDRI-0215
"(133, 512, 512)",-1024.0,4095.0,-2048.0,3071.0,1.0,-1024.0,1024,LIDC-IDRI-0216
"(135, 512, 512)",-1024.0,4095.0,-2048.0,3071.0,1.0,-1024.0,1024,LIDC-IDRI-0217
"(133, 512, 512)",-1024.0,4095.0,-2048.0,3071.0,1.0,-1024.0,1024,LIDC-IDRI-0219
"(232, 512, 512)",-1580.0,18763.0,-2604.0,17739.0,1.0,-1024.0,1024,LIDC-IDRI-0220
"(129, 512, 512)",-1024.0,4095.0,-2048.0,3071.0,1.0,-1024.0,1024,LIDC-IDRI-0222
"(238, 512, 512)",-1024.0,7998.0,-2048.0,6974.0,1.0,-1024.0,1024,LIDC-IDRI-0223
"(137, 512, 512)",-1024.0,4096.0,-2048.0,3072.0,1.0,-1024.0,1024,LIDC-IDRI-0227
"(141, 512, 512)",-1024.0,4095.0,-2048.0,3071.0,1.0,-1024.0,1024,LIDC-IDRI-0229
"(113, 512, 512)",-1024.0,4095.0,-2048.0,3071.0,1.0,-1024.0,1024,LIDC-IDRI-0230
"(147, 512, 512)",-1024.0,4095.0,-2048.0,3071.0,1.0,-1024.0,1024,LIDC-IDRI-0231
"(133, 512, 512)",-1024.0,4095.0,-2048.0,3071.0,1.0,-1024.0,1024,LIDC-IDRI-0232
"(147, 512, 512)",-1024.0,4095.0,-2048.0,3071.0,1.0,-1024.0,1024,LIDC-IDRI-0233
"(133, 512, 512)",-1024.0,4053.0,-2048.0,3029.0,1.0,-1024.0,1024,LIDC-IDRI-0234
"(133, 512, 512)",-1024.0,4095.0,-2048.0,3071.0,1.0,-1024.0,1024,LIDC-IDRI-0236
"(142, 512, 512)",-1024.0,4095.0,-2048.0,3071.0,1.0,-1024.0,1024,LIDC-IDRI-0237
"(125, 512, 512)",-1024.0,4095.0,-2048.0,3071.0,1.0,-1024.0,1024,LIDC-IDRI-0240
"(301, 512, 512)",-2000.0,2808.0,-3024.0,1784.0,1.0,-1024.0,2000,LIDC-IDRI-0241
"(143, 512, 512)",-7168.0,4095.0,-8192.0,3071.0,1.0,-1024.0,1024,LIDC-IDRI-0243
"(144, 512, 512)",-1024.0,3736.0,-2048.0,2712.0,1.0,-1024.0,1024,LIDC-IDRI-0244
"(116, 512, 512)",-1024.0,4095.0,-2048.0,3071.0,1.0,-1024.0,1024,LIDC-IDRI-0245
"(143, 512, 512)",-1024.0,4095.0,-2048.0,3071.0,1.0,-1024.0,1024,LIDC-IDRI-0246
"(127, 512, 512)",-1024.0,4095.0,-2048.0,3071.0,1.0,-1024.0,1024,LIDC-IDRI-0247
"(214, 512, 512)",-1024.0,4095.0,-2048.0,3071.0,1.0,-1024.0,1024,LIDC-IDRI-0249
"(133, 512, 512)",-1024.0,4095.0,-2048.0,3071.0,1.0,-1024.0,1024,LIDC-IDRI-0250
"(133, 512, 512)",-1024.0,4095.0,-2048.0,3071.0,1.0,-1024.0,1024,LIDC-IDRI-0251
"(148, 512, 512)",-1024.0,4095.0,-2048.0,3071.0,1.0,-1024.0,1024,LIDC-IDRI-0252
"(109, 512, 512)",-1024.0,4095.0,-2048.0,3071.0,1.0,-1024.0,1024,LIDC-IDRI-0254
"(133, 512, 512)",-1024.0,4095.0,-2048.0,3071.0,1.0,-1024.0,1024,LIDC-IDRI-0255
"(131, 512, 512)",-1024.0,4095.0,-2048.0,3071.0,1.0,-1024.0,1024,LIDC-IDRI-0256
"(133, 512, 512)",-1024.0,4095.0,-2048.0,3071.0,1.0,-1024.0,1024,LIDC-IDRI-0258
"(149, 512, 512)",-1024.0,4095.0,-2048.0,3071.0,1.0,-1024.0,1024,LIDC-IDRI-0259
"(144, 512, 512)",-1024.0,4095.0,-2048.0,3071.0,1.0,-1024.0,1024,LIDC-IDRI-0260
"(197, 512, 512)",-2000.0,4095.0,-3024.0,3071.0,1.0,-1024.0,2000,LIDC-IDRI-0262
"(137, 512, 512)",-1024.0,4095.0,-2048.0,3071.0,1.0,-1024.0,1024,LIDC-IDRI-0263
"(238, 512, 512)",-1024.0,4095.0,-2048.0,3071.0,1.0,-1024.0,1024,LIDC-IDRI-0264
"(117, 512, 512)",-1024.0,4095.0,-2048.0,3071.0,1.0,-1024.0,1024,LIDC-IDRI-0268
"(293, 512, 512)",-2000.0,2571.0,-3024.0,1547.0,1.0,-1024.0,2000,LIDC-IDRI-0269
"(143, 512, 512)",-1024.0,4095.0,-2048.0,3071.0,1.0,-1024.0,1024,LIDC-IDRI-0270
"(117, 512, 512)",-1024.0,4095.0,-2048.0,3071.0,1.0,-1024.0,1024,LIDC-IDRI-0271
"(119, 512, 512)",-1024.0,4095.0,-2048.0,3071.0,1.0,-1024.0,1024,LIDC-IDRI-0272
"(133, 512, 512)",-1024.0,4095.0,-2048.0,3071.0,1.0,-1024.0,1024,LIDC-IDRI-0273
"(133, 512, 512)",-1024.0,4095.0,-2048.0,3071.0,1.0,-1024.0,1024,LIDC-IDRI-0274
"(144, 512, 512)",-1024.0,4095.0,-2048.0,3071.0,1.0,-1024.0,1024,LIDC-IDRI-0275
"(133, 512, 512)",-1024.0,4095.0,-2048.0,3071.0,1.0,-1024.0,1024,LIDC-IDRI-0276
"(117, 512, 512)",-1024.0,4095.0,-2048.0,3071.0,1.0,-1024.0,1024,LIDC-IDRI-0277
"(214, 512, 512)",-1024.0,4095.0,-2048.0,3071.0,1.0,-1024.0,1024,LIDC-IDRI-0278
"(238, 512, 512)",-1024.0,4096.0,-2048.0,3072.0,1.0,-1024.0,1024,LIDC-IDRI-0280
"(119, 512, 512)",-1024.0,4095.0,-2048.0,3071.0,1.0,-1024.0,1024,LIDC-IDRI-0281
"(119, 512, 512)",-1024.0,4095.0,-2048.0,3071.0,1.0,-1024.0,1024,LIDC-IDRI-0282
"(115, 512, 512)",-1024.0,4095.0,-2048.0,3071.0,1.0,-1024.0,1024,LIDC-IDRI-0283
"(133, 512, 512)",-1024.0,4095.0,-2048.0,3071.0,1.0,-1024.0,1024,LIDC-IDRI-0284
"(151, 512, 512)",-1024.0,4095.0,-2048.0,3071.0,1.0,-1024.0,1024,LIDC-IDRI-0285
"(140, 512, 512)",-1024.0,4095.0,-2048.0,3071.0,1.0,-1024.0,1024,LIDC-IDRI-0286
"(109, 512, 512)",-1024.0,4095.0,-2048.0,3071.0,1.0,-1024.0,1024,LIDC-IDRI-0287
"(238, 512, 512)",-1024.0,4096.0,-2048.0,3072.0,1.0,-1024.0,1024,LIDC-IDRI-0288
"(117, 512, 512)",-1024.0,4086.0,-2048.0,3062.0,1.0,-1024.0,1024,LIDC-IDRI-0289
"(133, 512, 512)",-1024.0,4095.0,-2048.0,3071.0,1.0,-1024.0,1024,LIDC-IDRI-0290
"(270, 512, 512)",-2000.0,4095.0,-3024.0,3071.0,1.0,-1024.0,2000,LIDC-IDRI-0291
"(500, 512, 512)",0.0,2732.0,-1024.0,1708.0,1.0,-1024.0,0,LIDC-IDRI-0292
"(175, 512, 512)",0.0,4095.0,-1024.0,3071.0,1.0,-1024.0,0,LIDC-IDRI-0294
"(121, 512, 512)",0.0,4095.0,-1024.0,3071.0,1.0,-1024.0,0,LIDC-IDRI-0296
"(539, 512, 512)",0.0,3013.0,-1024.0,1989.0,1.0,-1024.0,0,LIDC-IDRI-0297
"(326, 512, 512)",0.0,4095.0,-1024.0,3071.0,1.0,-1024.0,0,LIDC-IDRI-0298
"(541, 512, 512)",-2000.0,4095.0,-3024.0,3071.0,1.0,-1024.0,2000,LIDC-IDRI-0299
"(383, 512, 512)",0.0,4095.0,-1024.0,3071.0,1.0,-1024.0,0,LIDC-IDRI-0300
"(513, 512, 512)",-2000.0,3093.0,-3024.0,2069.0,1.0,-1024.0,2000,LIDC-IDRI-0301
"(471, 512, 512)",-2000.0,3328.0,-3024.0,2304.0,1.0,-1024.0,2000,LIDC-IDRI-0302
"(206, 512, 512)",0.0,2690.0,-1024.0,1666.0,1.0,-1024.0,0,LIDC-IDRI-0304
"(253, 512, 512)",-2000.0,4095.0,-3024.0,3071.0,1.0,-1024.0,2000,LIDC-IDRI-0305
"(564, 512, 512)",-2000.0,2832.0,-3024.0,1808.0,1.0,-1024.0,2000,LIDC-IDRI-0308
"(225, 512, 512)",0.0,3231.0,-1024.0,2207.0,1.0,-1024.0,0,LIDC-IDRI-0309
"(225, 512, 512)",-2000.0,4095.0,-3024.0,3071.0,1.0,-1024.0,2000,LIDC-IDRI-0311
"(250, 512, 512)",-2000.0,3548.0,-3024.0,2524.0,1.0,-1024.0,2000,LIDC-IDRI-0312
"(275, 512, 512)",0.0,2979.0,-1000.0,1979.0,1.0,-1000.0,0,LIDC-IDRI-0314
"(122, 512, 512)",0.0,3615.0,-1024.0,2591.0,1.0,-1024.0,0,LIDC-IDRI-0315
"(441, 512, 512)",0.0,2900.0,-1024.0,1876.0,1.0,-1024.0,0,LIDC-IDRI-0318
"(195, 512, 512)",0.0,2646.0,-1024.0,1622.0,1.0,-1024.0,0,LIDC-IDRI-0319
"(190, 512, 512)",0.0,2907.0,-1024.0,1883.0,1.0,-1024.0,0,LIDC-IDRI-0320
"(265, 512, 512)",-2000.0,3790.0,-3024.0,2766.0,1.0,-1024.0,2000,LIDC-IDRI-0321
"(96, 512, 512)",0.0,4095.0,-1024.0,3071.0,1.0,-1024.0,0,LIDC-IDRI-0323
"(229, 512, 512)",0.0,4095.0,-1024.0,3071.0,1.0,-1024.0,0,LIDC-IDRI-0324
"(278, 512, 512)",0.0,4000.0,-1000.0,3000.0,1.0,-1000.0,0,LIDC-IDRI-0325
"(261, 512, 512)",-2000.0,3404.0,-3024.0,2380.0,1.0,-1024.0,2000,LIDC-IDRI-0326
"(484, 512, 512)",-2000.0,2774.0,-3024.0,1750.0,1.0,-1024.0,2000,LIDC-IDRI-0328
"(181, 512, 512)",-2000.0,4096.0,-3024.0,3072.0,1.0,-1024.0,2000,LIDC-IDRI-0332
"(127, 512, 512)",-2048.0,3473.0,-2048.0,3473.0,1.0,0.0,2048,LIDC-IDRI-0334
"(300, 512, 512)",0.0,4000.0,-1000.0,3000.0,1.0,-1000.0,0,LIDC-IDRI-0335
"(117, 512, 512)",0.0,4095.0,-1024.0,3071.0,1.0,-1024.0,0,LIDC-IDRI-0337
"(285, 512, 512)",0.0,4000.0,-1000.0,3000.0,1.0,-1000.0,0,LIDC-IDRI-0338
"(421, 512, 512)",-2000.0,2831.0,-3024.0,1807.0,1.0,-1024.0,2000,LIDC-IDRI-0340
"(246, 512, 512)",-2000.0,3433.0,-3024.0,2409.0,1.0,-1024.0,2000,LIDC-IDRI-0341
"(503, 512, 512)",0.0,2996.0,-1024.0,1972.0,1.0,-1024.0,0,LIDC-IDRI-0344
"(298, 512, 512)",0.0,4095.0,-1024.0,3071.0,1.0,-1024.0,0,LIDC-IDRI-0345
"(105, 512, 512)",-2048.0,1645.0,-2048.0,1645.0,1.0,0.0,2048,LIDC-IDRI-0346
"(131, 512, 512)",0.0,2369.0,-1024.0,1345.0,1.0,-1024.0,0,LIDC-IDRI-0347
"(158, 512, 512)",-2000.0,2663.0,-3024.0,1639.0,1.0,-1024.0,2000,LIDC-IDRI-0348
"(103, 512, 512)",0.0,2939.0,-1024.0,1915.0,1.0,-1024.0,0,LIDC-IDRI-0351
"(280, 512, 512)",0.0,4000.0,-1000.0,3000.0,1.0,-1000.0,0,LIDC-IDRI-0352
"(260, 512, 512)",-2000.0,4095.0,-3024.0,3071.0,1.0,-1024.0,2000,LIDC-IDRI-0353
"(113, 512, 512)",-2048.0,2255.0,-2048.0,2255.0,1.0,0.0,2048,LIDC-IDRI-0354
"(119, 512, 512)",-2048.0,3024.0,-2048.0,3024.0,1.0,0.0,2048,LIDC-IDRI-0355
"(193, 512, 512)",0.0,3090.0,-1024.0,2066.0,1.0,-1024.0,0,LIDC-IDRI-0356
"(351, 512, 512)",0.0,4095.0,-1024.0,3071.0,1.0,-1024.0,0,LIDC-IDRI-0358
"(278, 512, 512)",0.0,4095.0,-1024.0,3071.0,1.0,-1024.0,0,LIDC-IDRI-0360
"(187, 512, 512)",0.0,2788.0,-1024.0,1764.0,1.0,-1024.0,0,LIDC-IDRI-0362
"(270, 512, 512)",-2000.0,3622.0,-3024.0,2598.0,1.0,-1024.0,2000,LIDC-IDRI-0363
"(101, 512, 512)",0.0,4095.0,-1024.0,3071.0,1.0,-1024.0,0,LIDC-IDRI-0365
"(125, 512, 512)",-2098.0,13513.0,-2098.0,13513.0,1.0,0.0,2048,LIDC-IDRI-0366
"(474, 512, 512)",-2000.0,2962.0,-3024.0,1938.0,1.0,-1024.0,2000,LIDC-IDRI-0367
"(111, 512, 512)",-2048.0,1613.0,-2048.0,1613.0,1.0,0.0,2048,LIDC-IDRI-0368
"(449, 512, 512)",-2000.0,2865.0,-3024.0,1841.0,1.0,-1024.0,2000,LIDC-IDRI-0370
"(474, 512, 512)",-2000.0,3160.0,-3024.0,2136.0,1.0,-1024.0,2000,LIDC-IDRI-0371
"(270, 512, 512)",-2000.0,4095.0,-3024.0,3071.0,1.0,-1024.0,2000,LIDC-IDRI-0372
"(529, 512, 512)",-2000.0,3158.0,-3024.0,2134.0,1.0,-1024.0,2000,LIDC-IDRI-0373
"(255, 512, 512)",-2000.0,3371.0,-3024.0,2347.0,1.0,-1024.0,2000,LIDC-IDRI-0374
"(404, 512, 512)",-2000.0,2785.0,-3024.0,1761.0,1.0,-1024.0,2000,LIDC-IDRI-0375
"(561, 512, 512)",-2000.0,2622.0,-3024.0,1598.0,1.0,-1024.0,2000,LIDC-IDRI-0376
"(258, 512, 512)",-2000.0,4095.0,-3024.0,3071.0,1.0,-1024.0,2000,LIDC-IDRI-0377
"(108, 512, 512)",-2048.0,3077.0,-2048.0,3077.0,1.0,0.0,2048,LIDC-IDRI-0378
"(125, 512, 512)",-2048.0,3900.0,-2048.0,3900.0,1.0,0.0,2048,LIDC-IDRI-0379
"(182, 512, 512)",0.0,3200.0,-1024.0,2176.0,1.0,-1024.0,0,LIDC-IDRI-0380
"(490, 512, 512)",-2000.0,3046.0,-3024.0,2022.0,1.0,-1024.0,2000,LIDC-IDRI-0384
"(445, 512, 512)",-2000.0,4095.0,-3024.0,3071.0,1.0,-1024.0,2000,LIDC-IDRI-0385
"(503, 512, 512)",-2000.0,2921.0,-3024.0,1897.0,1.0,-1024.0,2000,LIDC-IDRI-0386
"(115, 512, 512)",0.0,4095.0,-1024.0,3071.0,1.0,-1024.0,0,LIDC-IDRI-0387
"(359, 512, 512)",0.0,4095.0,-1024.0,3071.0,1.0,-1024.0,0,LIDC-IDRI-0388
"(108, 512, 512)",0.0,4095.0,-1024.0,3071.0,1.0,-1024.0,0,LIDC-IDRI-0390
"(256, 512, 512)",-2000.0,4095.0,-3024.0,3071.0,1.0,-1024.0,2000,LIDC-IDRI-0393
"(129, 512, 512)",-2048.0,4309.0,-2048.0,4309.0,1.0,0.0,2048,LIDC-IDRI-0395
"(112, 512, 512)",-2048.0,19927.0,-2048.0,19927.0,1.0,0.0,2048,LIDC-IDRI-0396
"(465, 512, 512)",-2000.0,2770.0,-3024.0,1746.0,1.0,-1024.0,2000,LIDC-IDRI-0397
"(245, 512, 512)",0.0,4000.0,-1000.0,3000.0,1.0,-1000.0,0,LIDC-IDRI-0398
"(238, 512, 512)",-1133.0,14669.0,-2157.0,13645.0,1.0,-1024.0,1024,LIDC-IDRI-0399
"(215, 512, 512)",0.0,2711.0,-1024.0,1687.0,1.0,-1024.0,0,LIDC-IDRI-0400
"(268, 512, 512)",-2000.0,4095.0,-3024.0,3071.0,1.0,-1024.0,2000,LIDC-IDRI-0402
"(331, 512, 512)",0.0,3161.0,-1024.0,2137.0,1.0,-1024.0,0,LIDC-IDRI-0403
"(235, 512, 512)",0.0,4000.0,-1000.0,3000.0,1.0,-1000.0,0,LIDC-IDRI-0404
"(260, 512, 512)",0.0,4000.0,-1000.0,3000.0,1.0,-1000.0,0,LIDC-IDRI-0405
"(513, 512, 512)",-2000.0,3616.0,-3024.0,2592.0,1.0,-1024.0,2000,LIDC-IDRI-0406
"(183, 512, 512)",0.0,3812.0,-1024.0,2788.0,1.0,-1024.0,0,LIDC-IDRI-0407
"(268, 512, 512)",-2000.0,4095.0,-3024.0,3071.0,1.0,-1024.0,2000,LIDC-IDRI-0408
"(290, 512, 512)",0.0,4000.0,-1000.0,3000.0,1.0,-1000.0,0,LIDC-IDRI-0409
"(481, 512, 512)",-2000.0,2835.0,-3024.0,1811.0,1.0,-1024.0,2000,LIDC-IDRI-0411
"(276, 512, 512)",0.0,4000.0,-1000.0,3000.0,1.0,-1000.0,0,LIDC-IDRI-0412
"(177, 512, 512)",0.0,4095.0,-1024.0,3071.0,1.0,-1024.0,0,LIDC-IDRI-0413
"(122, 512, 512)",0.0,3921.0,-1024.0,2897.0,1.0,-1024.0,0,LIDC-IDRI-0414
"(205, 512, 512)",-2000.0,4095.0,-3024.0,3071.0,1.0,-1024.0,2000,LIDC-IDRI-0415
"(192, 512, 512)",0.0,4095.0,-1024.0,3071.0,1.0,-1024.0,0,LIDC-IDRI-0416
"(201, 512, 512)",0.0,3013.0,-1024.0,1989.0,1.0,-1024.0,0,LIDC-IDRI-0419
"(185, 512, 512)",0.0,3449.0,-1024.0,2425.0,1.0,-1024.0,0,LIDC-IDRI-0420
"(115, 512, 512)",-2048.0,6571.0,-2048.0,6571.0,1.0,0.0,2048,LIDC-IDRI-0421
"(308, 512, 512)",0.0,4095.0,-1024.0,3071.0,1.0,-1024.0,0,LIDC-IDRI-0424
"(116, 512, 512)",-2048.0,4895.0,-2048.0,4895.0,1.0,0.0,2048,LIDC-IDRI-0426
"(426, 512, 512)",-2000.0,2908.0,-3024.0,1884.0,1.0,-1024.0,2000,LIDC-IDRI-0427
"(436, 512, 512)",-2000.0,2808.0,-3024.0,1784.0,1.0,-1024.0,2000,LIDC-IDRI-0429
"(429, 512, 512)",-2000.0,3264.0,-3024.0,2240.0,1.0,-1024.0,2000,LIDC-IDRI-0430
"(152, 512, 512)",-2000.0,4095.0,-3024.0,3071.0,1.0,-1024.0,2000,LIDC-IDRI-0431
"(477, 512, 512)",-2000.0,4095.0,-3024.0,3071.0,1.0,-1024.0,2000,LIDC-IDRI-0432
"(305, 512, 512)",0.0,4000.0,-1000.0,3000.0,1.0,-1000.0,0,LIDC-IDRI-0433
"(506, 512, 512)",-2000.0,4095.0,-3024.0,3071.0,1.0,-1024.0,2000,LIDC-IDRI-0434
"(104, 512, 512)",0.0,4095.0,-1024.0,3071.0,1.0,-1024.0,0,LIDC-IDRI-0435
"(114, 512, 512)",0.0,4092.0,-1024.0,3068.0,1.0,-1024.0,0,LIDC-IDRI-0436
"(557, 512, 512)",-2000.0,3248.0,-3024.0,2224.0,1.0,-1024.0,2000,LIDC-IDRI-0437
"(672, 512, 512)",0.0,3132.0,-1024.0,2108.0,1.0,-1024.0,0,LIDC-IDRI-0438
"(116, 512, 512)",-2048.0,3976.0,-2048.0,3976.0,1.0,0.0,2048,LIDC-IDRI-0439
"(497, 512, 512)",-2000.0,2995.0,-3024.0,1971.0,1.0,-1024.0,2000,LIDC-IDRI-0440
"(116, 512, 512)",0.0,2595.0,-1024.0,1571.0,1.0,-1024.0,0,LIDC-IDRI-0442
"(513, 512, 512)",-2000.0,3486.0,-3024.0,2462.0,1.0,-1024.0,2000,LIDC-IDRI-0443
"(260, 512, 512)",0.0,4095.0,-1024.0,3071.0,1.0,-1024.0,0,LIDC-IDRI-0444
"(327, 512, 512)",0.0,2799.0,-1024.0,1775.0,1.0,-1024.0,0,LIDC-IDRI-0445
"(161, 512, 512)",-2000.0,3235.0,-3024.0,2211.0,1.0,-1024.0,2000,LIDC-IDRI-0447
"(538, 512, 512)",-2000.0,2984.0,-3024.0,1960.0,1.0,-1024.0,2000,LIDC-IDRI-0448
"(116, 512, 512)",-2048.0,2881.0,-2048.0,2881.0,1.0,0.0,2048,LIDC-IDRI-0449
"(180, 512, 512)",0.0,2639.0,-1024.0,1615.0,1.0,-1024.0,0,LIDC-IDRI-0451
"(338, 512, 512)",0.0,3220.0,-1024.0,2196.0,1.0,-1024.0,0,LIDC-IDRI-0452
"(159, 512, 512)",0.0,2845.0,-1024.0,1821.0,1.0,-1024.0,0,LIDC-IDRI-0453
"(275, 512, 512)",0.0,4000.0,-1000.0,3000.0,1.0,-1000.0,0,LIDC-IDRI-0454
"(445, 512, 512)",0.0,4000.0,-1000.0,3000.0,1.0,-1000.0,0,LIDC-IDRI-0456
"(179, 512, 512)",0.0,2599.0,-1024.0,1575.0,1.0,-1024.0,0,LIDC-IDRI-0457
"(241, 512, 512)",0.0,3231.0,-1024.0,2207.0,1.0,-1024.0,0,LIDC-IDRI-0459
"(477, 512, 512)",-2000.0,3445.0,-3024.0,2421.0,1.0,-1024.0,2000,LIDC-IDRI-0460
"(240, 512, 512)",-2000.0,3780.0,-3024.0,2756.0,1.0,-1024.0,2000,LIDC-IDRI-0461
"(557, 512, 512)",-2000.0,3358.0,-3024.0,2334.0,1.0,-1024.0,2000,LIDC-IDRI-0462
"(491, 512, 512)",0.0,3062.0,-1024.0,2038.0,1.0,-1024.0,0,LIDC-IDRI-0463
"(241, 512, 512)",-2000.0,3541.0,-3024.0,2517.0,1.0,-1024.0,2000,LIDC-IDRI-0464
"(209, 512, 512)",-2000.0,4095.0,-3024.0,3071.0,1.0,-1024.0,2000,LIDC-IDRI-0466
"(300, 512, 512)",0.0,4095.0,-1000.0,3095.0,1.0,-1000.0,0,LIDC-IDRI-0467
"(320, 512, 512)",0.0,4094.0,-1024.0,3070.0,1.0,-1024.0,0,LIDC-IDRI-0468
"(465, 512, 512)",-2000.0,3390.0,-3024.0,2366.0,1.0,-1024.0,2000,LIDC-IDRI-0469
"(248, 512, 512)",-1024.0,6595.0,-2048.0,5571.0,1.0,-1024.0,1024,LIDC-IDRI-0470
"(177, 512, 512)",0.0,3060.0,-1024.0,2036.0,1.0,-1024.0,0,LIDC-IDRI-0474
"(246, 512, 512)",-2000.0,4095.0,-3024.0,3071.0,1.0,-1024.0,2000,LIDC-IDRI-0476
"(241, 512, 512)",-2000.0,3798.0,-3024.0,2774.0,1.0,-1024.0,2000,LIDC-IDRI-0477
"(559, 512, 512)",0.0,3211.0,-1024.0,2187.0,1.0,-1024.0,0,LIDC-IDRI-0478
"(381, 512, 512)",-2000.0,3038.0,-3024.0,2014.0,1.0,-1024.0,2000,LIDC-IDRI-0479
"(140, 512, 512)",-2000.0,2675.0,-3024.0,1651.0,1.0,-1024.0,2000,LIDC-IDRI-0480
"(259, 512, 512)",0.0,4095.0,-1024.0,3071.0,1.0,-1024.0,0,LIDC-IDRI-0481
"(278, 512, 512)",-2000.0,3476.0,-3024.0,2452.0,1.0,-1024.0,2000,LIDC-IDRI-0483
"(106, 512, 512)",0.0,3093.0,-1024.0,2069.0,1.0,-1024.0,0,LIDC-IDRI-0484
"(232, 512, 512)",-1024.0,4095.0,-2048.0,3071.0,1.0,-1024.0,1024,LIDC-IDRI-0485
"(300, 512, 512)",0.0,4000.0,-1000.0,3000.0,1.0,-1000.0,0,LIDC-IDRI-0486
"(376, 512, 512)",0.0,4095.0,-1024.0,3071.0,1.0,-1024.0,0,LIDC-IDRI-0487
"(461, 512, 512)",-2000.0,4096.0,-3024.0,3072.0,1.0,-1024.0,2000,LIDC-IDRI-0488
"(141, 512, 512)",-1024.0,4095.0,-2048.0,3071.0,1.0,-1024.0,1024,LIDC-IDRI-0489
"(590, 512, 512)",0.0,4000.0,-1000.0,3000.0,1.0,-1000.0,0,LIDC-IDRI-0490
"(535, 512, 512)",-2000.0,3136.0,-3024.0,2112.0,1.0,-1024.0,2000,LIDC-IDRI-0491
"(310, 512, 512)",0.0,4000.0,-1024.0,2976.0,1.0,-1024.0,0,LIDC-IDRI-0492
"(285, 512, 512)",-2000.0,4095.0,-3024.0,3071.0,1.0,-1024.0,2000,LIDC-IDRI-0493
"(348, 512, 512)",0.0,3103.0,-1024.0,2079.0,1.0,-1024.0,0,LIDC-IDRI-0495
"(262, 512, 512)",-2000.0,3222.0,-3024.0,2198.0,1.0,-1024.0,2000,LIDC-IDRI-0496
"(236, 512, 512)",-2000.0,3163.0,-3024.0,2139.0,1.0,-1024.0,2000,LIDC-IDRI-0497
"(452, 512, 512)",-2000.0,2638.0,-3024.0,1614.0,1.0,-1024.0,2000,LIDC-IDRI-0498
"(122, 512, 512)",0.0,4095.0,-1024.0,3071.0,1.0,-1024.0,0,LIDC-IDRI-0499
"(161, 512, 512)",-2000.0,2627.0,-3024.0,1603.0,1.0,-1024.0,2000,LIDC-IDRI-0500
"(247, 512, 512)",-2000.0,3296.0,-3024.0,2272.0,1.0,-1024.0,2000,LIDC-IDRI-0501
"(181, 512, 512)",0.0,2706.0,-1024.0,1682.0,1.0,-1024.0,0,LIDC-IDRI-0503
"(119, 512, 512)",-2048.0,3733.0,-2048.0,3733.0,1.0,0.0,2048,LIDC-IDRI-0504
"(181, 512, 512)",0.0,2710.0,-1024.0,1686.0,1.0,-1024.0,0,LIDC-IDRI-0505
"(318, 512, 512)",0.0,3270.0,-1024.0,2246.0,1.0,-1024.0,0,LIDC-IDRI-0507
"(250, 512, 512)",0.0,4000.0,-1000.0,3000.0,1.0,-1000.0,0,LIDC-IDRI-0508
"(260, 512, 512)",0.0,4000.0,-1000.0,3000.0,1.0,-1000.0,0,LIDC-IDRI-0510
"(289, 512, 512)",-2000.0,4095.0,-3024.0,3071.0,1.0,-1024.0,2000,LIDC-IDRI-0515
"(123, 512, 512)",-2349.0,13291.0,-2349.0,13291.0,1.0,0.0,2048,LIDC-IDRI-0518
"(484, 512, 512)",-2000.0,2907.0,-3024.0,1883.0,1.0,-1024.0,2000,LIDC-IDRI-0520
"(308, 512, 512)",0.0,2849.0,-1024.0,1825.0,1.0,-1024.0,0,LIDC-IDRI-0521
"(260, 512, 512)",0.0,4000.0,-1000.0,3000.0,1.0,-1000.0,0,LIDC-IDRI-0522
"(162, 512, 512)",-2000.0,4095.0,-3024.0,3071.0,1.0,-1024.0,2000,LIDC-IDRI-0523
"(408, 512, 512)",0.0,4095.0,-1024.0,3071.0,1.0,-1024.0,0,LIDC-IDRI-0524
"(429, 512, 512)",0.0,2825.0,-1024.0,1801.0,1.0,-1024.0,0,LIDC-IDRI-0525
"(102, 512, 512)",-2048.0,4587.0,-2048.0,4587.0,1.0,0.0,2048,LIDC-IDRI-0526
"(129, 512, 512)",0.0,4095.0,-1024.0,3071.0,1.0,-1024.0,0,LIDC-IDRI-0527
"(605, 512, 512)",-2000.0,2833.0,-3024.0,1809.0,1.0,-1024.0,2000,LIDC-IDRI-0529
"(163, 512, 512)",-2000.0,3234.0,-3024.0,2210.0,1.0,-1024.0,2000,LIDC-IDRI-0530
"(330, 512, 512)",0.0,3158.0,-1024.0,2134.0,1.0,-1024.0,0,LIDC-IDRI-0532
"(118, 512, 512)",0.0,4095.0,-1024.0,3071.0,1.0,-1024.0,0,LIDC-IDRI-0533
"(127, 512, 512)",0.0,4095.0,-1024.0,3071.0,1.0,-1024.0,0,LIDC-IDRI-0534
"(265, 512, 512)",0.0,4000.0,-1000.0,3000.0,1.0,-1000.0,0,LIDC-IDRI-0535
"(567, 512, 512)",-2000.0,2726.0,-3024.0,1702.0,1.0,-1024.0,2000,LIDC-IDRI-0537
"(489, 512, 512)",0.0,4095.0,-1024.0,3071.0,1.0,-1024.0,0,LIDC-IDRI-0538
"(253, 512, 512)",-2000.0,3454.0,-3024.0,2430.0,1.0,-1024.0,2000,LIDC-IDRI-0539
"(111, 512, 512)",-2048.0,6915.0,-2048.0,6915.0,1.0,0.0,2048,LIDC-IDRI-0541
"(433, 512, 512)",-2000.0,3189.0,-3024.0,2165.0,1.0,-1024.0,2000,LIDC-IDRI-0542
"(525, 512, 512)",0.0,4000.0,-1000.0,3000.0,1.0,-1000.0,0,LIDC-IDRI-0543
"(461, 512, 512)",-2000.0,2944.0,-3024.0,1920.0,1.0,-1024.0,2000,LIDC-IDRI-0545
"(216, 512, 512)",-2000.0,3425.0,-3024.0,2401.0,1.0,-1024.0,2000,LIDC-IDRI-0547
"(115, 512, 512)",-2048.0,3335.0,-2048.0,3335.0,1.0,0.0,2048,LIDC-IDRI-0550
"(522, 512, 512)",-2000.0,3216.0,-3024.0,2192.0,1.0,-1024.0,2000,LIDC-IDRI-0551
"(481, 512, 512)",-2000.0,2696.0,-3024.0,1672.0,1.0,-1024.0,2000,LIDC-IDRI-0553
"(300, 512, 512)",0.0,3309.0,-1024.0,2285.0,1.0,-1024.0,0,LIDC-IDRI-0554
"(280, 512, 512)",0.0,4000.0,-1000.0,3000.0,1.0,-1000.0,0,LIDC-IDRI-0556
"(483, 512, 512)",0.0,2988.0,-1024.0,1964.0,1.0,-1024.0,0,LIDC-IDRI-0557
"(350, 512, 512)",0.0,4000.0,-1000.0,3000.0,1.0,-1000.0,0,LIDC-IDRI-0558
"(139, 512, 512)",-1024.0,4095.0,-2048.0,3071.0,1.0,-1024.0,1024,LIDC-IDRI-0559
"(280, 512, 512)",0.0,4000.0,-1000.0,3000.0,1.0,-1000.0,0,LIDC-IDRI-0562
"(179, 512, 512)",0.0,2674.0,-1024.0,1650.0,1.0,-1024.0,0,LIDC-IDRI-0563
"(191, 512, 512)",0.0,3016.0,-1024.0,1992.0,1.0,-1024.0,0,LIDC-IDRI-0565
"(181, 512, 512)",0.0,2954.0,-1024.0,1930.0,1.0,-1024.0,0,LIDC-IDRI-0566
"(275, 512, 512)",0.0,4000.0,-1000.0,3000.0,1.0,-1000.0,0,LIDC-IDRI-0567
"(295, 512, 512)",-2000.0,4095.0,-3024.0,3071.0,1.0,-1024.0,2000,LIDC-IDRI-0568
"(197, 512, 512)",0.0,2677.0,-1024.0,1653.0,1.0,-1024.0,0,LIDC-IDRI-0569
"(362, 512, 512)",-2000.0,4095.0,-3024.0,3071.0,1.0,-1024.0,2000,LIDC-IDRI-0575
"(280, 512, 512)",0.0,4000.0,-1024.0,2976.0,1.0,-1024.0,0,LIDC-IDRI-0576
"(134, 512, 512)",0.0,3304.0,-1024.0,2280.0,1.0,-1024.0,0,LIDC-IDRI-0577
"(129, 512, 512)",-1024.0,4095.0,-2048.0,3071.0,1.0,-1024.0,1024,LIDC-IDRI-0578
"(176, 512, 512)",0.0,3952.0,-1024.0,2928.0,1.0,-1024.0,0,LIDC-IDRI-0579
"(250, 512, 512)",-2000.0,4095.0,-3024.0,3071.0,1.0,-1024.0,2000,LIDC-IDRI-0580
"(536, 512, 512)",0.0,2710.0,-1024.0,1686.0,1.0,-1024.0,0,LIDC-IDRI-0582
"(290, 512, 512)",0.0,4000.0,-1000.0,3000.0,1.0,-1000.0,0,LIDC-IDRI-0583
"(276, 512, 512)",0.0,4000.0,-1000.0,3000.0,1.0,-1000.0,0,LIDC-IDRI-0587
"(133, 512, 512)",-1024.0,4095.0,-2048.0,3071.0,1.0,-1024.0,1024,LIDC-IDRI-0588
"(500, 512, 512)",-2000.0,4095.0,-3024.0,3071.0,1.0,-1024.0,2000,LIDC-IDRI-0590
"(112, 512, 512)",-2000.0,2561.0,-3024.0,1537.0,1.0,-1024.0,2000,LIDC-IDRI-0593
"(124, 512, 512)",-2048.0,3822.0,-2048.0,3822.0,1.0,0.0,2048,LIDC-IDRI-0597
"(172, 512, 512)",0.0,2735.0,-1024.0,1711.0,1.0,-1024.0,0,LIDC-IDRI-0598
"(456, 512, 512)",0.0,3254.0,-1024.0,2230.0,1.0,-1024.0,0,LIDC-IDRI-0599
"(286, 512, 512)",0.0,4000.0,-1000.0,3000.0,1.0,-1000.0,0,LIDC-IDRI-0601
"(300, 512, 512)",0.0,3586.0,-1000.0,2586.0,1.0,-1000.0,0,LIDC-IDRI-0602
"(429, 512, 512)",0.0,2864.0,-1024.0,1840.0,1.0,-1024.0,0,LIDC-IDRI-0604
"(164, 512, 512)",-2000.0,2515.0,-3024.0,1491.0,1.0,-1024.0,2000,LIDC-IDRI-0605
"(633, 512, 512)",0.0,3211.0,-1024.0,2187.0,1.0,-1024.0,0,LIDC-IDRI-0606
"(149, 512, 512)",-2000.0,4095.0,-3024.0,3071.0,1.0,-1024.0,2000,LIDC-IDRI-0607
"(280, 512, 512)",0.0,4000.0,-1000.0,3000.0,1.0,-1000.0,0,LIDC-IDRI-0608
"(487, 512, 512)",-2000.0,3004.0,-3024.0,1980.0,1.0,-1024.0,2000,LIDC-IDRI-0609
"(92, 512, 512)",0.0,4095.0,-1024.0,3071.0,1.0,-1024.0,0,LIDC-IDRI-0611
"(325, 512, 512)",0.0,4095.0,-1000.0,3095.0,1.0,-1000.0,0,LIDC-IDRI-0613
"(583, 512, 512)",-2000.0,2820.0,-3024.0,1796.0,1.0,-1024.0,2000,LIDC-IDRI-0614
"(247, 512, 512)",-2000.0,4095.0,-3024.0,3071.0,1.0,-1024.0,2000,LIDC-IDRI-0615
"(320, 512, 512)",0.0,4000.0,-1000.0,3000.0,1.0,-1000.0,0,LIDC-IDRI-0617
"(208, 512, 512)",-2000.0,4095.0,-3024.0,3071.0,1.0,-1024.0,2000,LIDC-IDRI-0619
"(730, 512, 512)",0.0,4095.0,-1024.0,3071.0,1.0,-1024.0,0,LIDC-IDRI-0621
"(290, 512, 512)",0.0,4000.0,-1000.0,3000.0,1.0,-1000.0,0,LIDC-IDRI-0624
"(525, 512, 512)",0.0,2813.0,-1024.0,1789.0,1.0,-1024.0,0,LIDC-IDRI-0625
"(248, 512, 512)",0.0,4000.0,-1000.0,3000.0,1.0,-1000.0,0,LIDC-IDRI-0629
"(455, 512, 512)",0.0,3319.0,-1024.0,2295.0,1.0,-1024.0,0,LIDC-IDRI-0631
"(471, 512, 512)",-2000.0,2783.0,-3024.0,1759.0,1.0,-1024.0,2000,LIDC-IDRI-0633
"(193, 512, 512)",0.0,2807.0,-1024.0,1783.0,1.0,-1024.0,0,LIDC-IDRI-0634
"(111, 512, 512)",-2048.0,3532.0,-2048.0,3532.0,1.0,0.0,2048,LIDC-IDRI-0635
"(330, 512, 512)",0.0,4095.0,-1024.0,3071.0,1.0,-1024.0,0,LIDC-IDRI-0636
"(506, 512, 512)",0.0,3129.0,-1024.0,2105.0,1.0,-1024.0,0,LIDC-IDRI-0637
"(140, 512, 512)",0.0,2610.0,-1024.0,1586.0,1.0,-1024.0,0,LIDC-IDRI-0638
"(413, 512, 512)",-2000.0,2797.0,-3024.0,1773.0,1.0,-1024.0,2000,LIDC-IDRI-0639
"(122, 512, 512)",0.0,4095.0,-1024.0,3071.0,1.0,-1024.0,0,LIDC-IDRI-0640
"(156, 512, 512)",-2000.0,4095.0,-3024.0,3071.0,1.0,-1024.0,2000,LIDC-IDRI-0641
"(112, 512, 512)",-2048.0,3959.0,-2048.0,3959.0,1.0,0.0,2048,LIDC-IDRI-0642
"(220, 512, 512)",0.0,4000.0,-1000.0,3000.0,1.0,-1000.0,0,LIDC-IDRI-0644
"(519, 512, 512)",-2000.0,4095.0,-3024.0,3071.0,1.0,-1024.0,2000,LIDC-IDRI-0647
"(764, 512, 512)",0.0,4095.0,-1024.0,3071.0,1.0,-1024.0,0,LIDC-IDRI-0648
"(241, 512, 512)",-2000.0,3130.0,-3024.0,2106.0,1.0,-1024.0,2000,LIDC-IDRI-0650
"(580, 512, 512)",0.0,4000.0,-1024.0,2976.0,1.0,-1024.0,0,LIDC-IDRI-0651
"(558, 512, 512)",0.0,2893.0,-1024.0,1869.0,1.0,-1024.0,0,LIDC-IDRI-0655
"(280, 512, 512)",-2000.0,3164.0,-3024.0,2140.0,1.0,-1024.0,2000,LIDC-IDRI-0656
"(413, 512, 512)",-2000.0,2729.0,-3024.0,1705.0,1.0,-1024.0,2000,LIDC-IDRI-0657
"(192, 512, 512)",0.0,2737.0,-1024.0,1713.0,1.0,-1024.0,0,LIDC-IDRI-0659
"(241, 512, 512)",-2000.0,3440.0,-3024.0,2416.0,1.0,-1024.0,2000,LIDC-IDRI-0660
"(240, 512, 512)",-2000.0,4095.0,-3024.0,3071.0,1.0,-1024.0,2000,LIDC-IDRI-0661
"(240, 512, 512)",-2000.0,3162.0,-3024.0,2138.0,1.0,-1024.0,2000,LIDC-IDRI-0662
"(474, 512, 512)",-2000.0,3256.0,-3024.0,2232.0,1.0,-1024.0,2000,LIDC-IDRI-0663
"(519, 512, 512)",-2000.0,2988.0,-3024.0,1964.0,1.0,-1024.0,2000,LIDC-IDRI-0664
"(452, 512, 512)",0.0,3288.0,-1024.0,2264.0,1.0,-1024.0,0,LIDC-IDRI-0669
"(172, 512, 512)",0.0,2800.0,-1024.0,1776.0,1.0,-1024.0,0,LIDC-IDRI-0670
"(251, 512, 512)",-2000.0,4095.0,-3024.0,3071.0,1.0,-1024.0,2000,LIDC-IDRI-0671
"(462, 512, 512)",-2000.0,4096.0,-3024.0,3072.0,1.0,-1024.0,2000,LIDC-IDRI-0672
"(519, 512, 512)",-2000.0,3025.0,-3024.0,2001.0,1.0,-1024.0,2000,LIDC-IDRI-0673
"(375, 512, 512)",0.0,4095.0,-1024.0,3071.0,1.0,-1024.0,0,LIDC-IDRI-0674
"(170, 512, 512)",-2000.0,2852.0,-3024.0,1828.0,1.0,-1024.0,2000,LIDC-IDRI-0675
"(449, 512, 512)",-2000.0,2905.0,-3024.0,1881.0,1.0,-1024.0,2000,LIDC-IDRI-0676
"(132, 512, 512)",-2000.0,2997.0,-3024.0,1973.0,1.0,-1024.0,2000,LIDC-IDRI-0677
"(164, 512, 512)",-2000.0,4095.0,-3024.0,3071.0,1.0,-1024.0,2000,LIDC-IDRI-0678
"(497, 512, 512)",-2000.0,2885.0,-3024.0,1861.0,1.0,-1024.0,2000,LIDC-IDRI-0681
"(538, 512, 512)",-2000.0,3078.0,-3024.0,2054.0,1.0,-1024.0,2000,LIDC-IDRI-0684
"(238, 512, 512)",-2000.0,4095.0,-3024.0,3071.0,1.0,-1024.0,2000,LIDC-IDRI-0686
"(426, 512, 512)",-2000.0,3017.0,-3024.0,1993.0,1.0,-1024.0,2000,LIDC-IDRI-0688
"(176, 512, 512)",0.0,4095.0,-1024.0,3071.0,1.0,-1024.0,0,LIDC-IDRI-0692
"(144, 512, 512)",-2000.0,2629.0,-3024.0,1605.0,1.0,-1024.0,2000,LIDC-IDRI-0695
"(401, 512, 512)",-2000.0,2739.0,-3024.0,1715.0,1.0,-1024.0,2000,LIDC-IDRI-0696
"(481, 512, 512)",-2000.0,2969.0,-3024.0,1945.0,1.0,-1024.0,2000,LIDC-IDRI-0698
"(231, 512, 512)",-2000.0,3853.0,-3024.0,2829.0,1.0,-1024.0,2000,LIDC-IDRI-0699
"(519, 512, 512)",0.0,2752.0,-1024.0,1728.0,1.0,-1024.0,0,LIDC-IDRI-0700
"(268, 512, 512)",-2000.0,4095.0,-3024.0,3071.0,1.0,-1024.0,2000,LIDC-IDRI-0701
"(445, 512, 512)",-2000.0,4095.0,-3024.0,3071.0,1.0,-1024.0,2000,LIDC-IDRI-0702
"(295, 512, 512)",0.0,2887.0,-1000.0,1887.0,1.0,-1000.0,0,LIDC-IDRI-0703
"(487, 512, 512)",-2000.0,2840.0,-3024.0,1816.0,1.0,-1024.0,2000,LIDC-IDRI-0704
"(481, 512, 512)",-2000.0,4095.0,-3024.0,3071.0,1.0,-1024.0,2000,LIDC-IDRI-0705
"(109, 512, 512)",-2048.0,3754.0,-2048.0,3754.0,1.0,0.0,2048,LIDC-IDRI-0707
"(133, 512, 512)",-1024.0,4095.0,-2048.0,3071.0,1.0,-1024.0,1024,LIDC-IDRI-0708
"(100, 512, 512)",-2048.0,3746.0,-2048.0,3746.0,1.0,0.0,2048,LIDC-IDRI-0709
"(198, 512, 512)",0.0,4095.0,-1024.0,3071.0,1.0,-1024.0,0,LIDC-IDRI-0712
"(116, 512, 512)",0.0,4095.0,-1024.0,3071.0,1.0,-1024.0,0,LIDC-IDRI-0713
"(235, 512, 512)",-2000.0,3873.0,-3024.0,2849.0,1.0,-1024.0,2000,LIDC-IDRI-0714
"(501, 512, 512)",-2000.0,4095.0,-3024.0,3071.0,1.0,-1024.0,2000,LIDC-IDRI-0715
"(425, 512, 512)",0.0,3272.0,-1024.0,2248.0,1.0,-1024.0,0,LIDC-IDRI-0717
"(94, 512, 512)",0.0,3919.0,-1024.0,2895.0,1.0,-1024.0,0,LIDC-IDRI-0719
"(281, 512, 512)",0.0,4000.0,-1000.0,3000.0,1.0,-1000.0,0,LIDC-IDRI-0720
"(509, 512, 512)",-2000.0,3377.0,-3024.0,2353.0,1.0,-1024.0,2000,LIDC-IDRI-0722
"(261, 512, 512)",-2000.0,3639.0,-3024.0,2615.0,1.0,-1024.0,2000,LIDC-IDRI-0723
"(122, 512, 512)",-6698.0,30440.0,-6698.0,30440.0,1.0,0.0,2048,LIDC-IDRI-0724
"(240, 512, 512)",-2000.0,3287.0,-3024.0,2263.0,1.0,-1024.0,2000,LIDC-IDRI-0725
"(421, 512, 512)",0.0,3358.0,-1024.0,2334.0,1.0,-1024.0,0,LIDC-IDRI-0726
"(519, 512, 512)",-2000.0,2815.0,-3024.0,1791.0,1.0,-1024.0,2000,LIDC-IDRI-0727
"(490, 512, 512)",-2000.0,2852.0,-3024.0,1828.0,1.0,-1024.0,2000,LIDC-IDRI-0728
"(341, 512, 512)",0.0,2825.0,-1024.0,1801.0,1.0,-1024.0,0,LIDC-IDRI-0729
"(237, 512, 512)",-2000.0,3627.0,-3024.0,2603.0,1.0,-1024.0,2000,LIDC-IDRI-0730
"(167, 512, 512)",0.0,4095.0,-1024.0,3071.0,1.0,-1024.0,0,LIDC-IDRI-0732
"(529, 512, 512)",0.0,3641.0,-1024.0,2617.0,1.0,-1024.0,0,LIDC-IDRI-0733
"(481, 512, 512)",-2000.0,2740.0,-3024.0,1716.0,1.0,-1024.0,2000,LIDC-IDRI-0734
"(280, 512, 512)",0.0,4000.0,-1000.0,3000.0,1.0,-1000.0,0,LIDC-IDRI-0735
"(250, 512, 512)",0.0,4095.0,-1024.0,3071.0,1.0,-1024.0,0,LIDC-IDRI-0736
"(548, 512, 512)",-2000.0,3093.0,-3024.0,2069.0,1.0,-1024.0,2000,LIDC-IDRI-0739
"(199, 512, 512)",0.0,3149.0,-1024.0,2125.0,1.0,-1024.0,0,LIDC-IDRI-0740
"(319, 512, 512)",0.0,4095.0,-1024.0,3071.0,1.0,-1024.0,0,LIDC-IDRI-0741
"(300, 512, 512)",0.0,4000.0,-1000.0,3000.0,1.0,-1000.0,0,LIDC-IDRI-0742
"(209, 512, 512)",0.0,2760.0,-1024.0,1736.0,1.0,-1024.0,0,LIDC-IDRI-0743
"(636, 512, 512)",0.0,2973.0,-1024.0,1949.0,1.0,-1024.0,0,LIDC-IDRI-0744
"(148, 512, 512)",-2000.0,2932.0,-3024.0,1908.0,1.0,-1024.0,2000,LIDC-IDRI-0748
"(109, 512, 512)",0.0,4095.0,-1024.0,3071.0,1.0,-1024.0,0,LIDC-IDRI-0749
"(115, 512, 512)",-2048.0,22858.0,-2048.0,22858.0,1.0,0.0,2048,LIDC-IDRI-0750
"(119, 512, 512)",0.0,4095.0,-1024.0,3071.0,1.0,-1024.0,0,LIDC-IDRI-0751
"(247, 512, 512)",-2000.0,3312.0,-3024.0,2288.0,1.0,-1024.0,2000,LIDC-IDRI-0752
"(183, 512, 512)",0.0,3052.0,-1024.0,2028.0,1.0,-1024.0,0,LIDC-IDRI-0753
"(240, 512, 512)",-2000.0,3073.0,-3024.0,2049.0,1.0,-1024.0,2000,LIDC-IDRI-0754
"(516, 512, 512)",-2000.0,3592.0,-3024.0,2568.0,1.0,-1024.0,2000,LIDC-IDRI-0756
"(477, 512, 512)",-2000.0,4095.0,-3024.0,3071.0,1.0,-1024.0,2000,LIDC-IDRI-0757
"(481, 512, 512)",-2000.0,3180.0,-3024.0,2156.0,1.0,-1024.0,2000,LIDC-IDRI-0758
"(136, 512, 512)",-2000.0,3168.0,-3024.0,2144.0,1.0,-1024.0,2000,LIDC-IDRI-0759
"(265, 512, 512)",0.0,4095.0,-1024.0,3071.0,1.0,-1024.0,0,LIDC-IDRI-0761
"(241, 512, 512)",-2000.0,3303.0,-3024.0,2279.0,1.0,-1024.0,2000,LIDC-IDRI-0762
"(290, 512, 512)",0.0,4000.0,-1000.0,3000.0,1.0,-1000.0,0,LIDC-IDRI-0763
"(280, 512, 512)",0.0,4000.0,-1000.0,3000.0,1.0,-1000.0,0,LIDC-IDRI-0766
"(204, 512, 512)",0.0,2595.0,-1024.0,1571.0,1.0,-1024.0,0,LIDC-IDRI-0767
"(195, 512, 512)",0.0,3276.0,-1024.0,2252.0,1.0,-1024.0,0,LIDC-IDRI-0768
"(347, 512, 512)",0.0,4095.0,-1024.0,3071.0,1.0,-1024.0,0,LIDC-IDRI-0770
"(280, 512, 512)",0.0,4000.0,-1000.0,3000.0,1.0,-1000.0,0,LIDC-IDRI-0771
"(149, 512, 512)",-1024.0,4095.0,-2048.0,3071.0,1.0,-1024.0,1024,LIDC-IDRI-0772
"(109, 512, 512)",-2048.0,3526.0,-2048.0,3526.0,1.0,0.0,2048,LIDC-IDRI-0773
"(334, 512, 512)",0.0,4095.0,-1024.0,3071.0,1.0,-1024.0,0,LIDC-IDRI-0775
"(327, 512, 512)",0.0,4095.0,-1024.0,3071.0,1.0,-1024.0,0,LIDC-IDRI-0776
"(481, 512, 512)",-2000.0,2793.0,-3024.0,1769.0,1.0,-1024.0,2000,LIDC-IDRI-0778
"(172, 512, 512)",0.0,2798.0,-1024.0,1774.0,1.0,-1024.0,0,LIDC-IDRI-0779
"(369, 512, 512)",-2000.0,4096.0,-3024.0,3072.0,1.0,-1024.0,2000,LIDC-IDRI-0780
"(372, 512, 512)",-2000.0,2695.0,-3024.0,1671.0,1.0,-1024.0,2000,LIDC-IDRI-0781
"(225, 512, 512)",-2000.0,3288.0,-3024.0,2264.0,1.0,-1024.0,2000,LIDC-IDRI-0782
"(220, 512, 512)",-2000.0,4095.0,-3024.0,3071.0,1.0,-1024.0,2000,LIDC-IDRI-0785
"(163, 512, 512)",-2000.0,2783.0,-3024.0,1759.0,1.0,-1024.0,2000,LIDC-IDRI-0787
"(202, 512, 512)",0.0,3730.0,-1024.0,2706.0,1.0,-1024.0,0,LIDC-IDRI-0788
"(477, 512, 512)",-2000.0,2816.0,-3024.0,1792.0,1.0,-1024.0,2000,LIDC-IDRI-0789
"(239, 512, 512)",-2000.0,4095.0,-3024.0,3071.0,1.0,-1024.0,2000,LIDC-IDRI-0790
"(360, 512, 512)",0.0,4095.0,-1024.0,3071.0,1.0,-1024.0,0,LIDC-IDRI-0791
"(411, 512, 512)",0.0,4000.0,-1000.0,3000.0,1.0,-1000.0,0,LIDC-IDRI-0792
"(416, 512, 512)",0.0,4095.0,-1024.0,3071.0,1.0,-1024.0,0,LIDC-IDRI-0793
"(392, 512, 512)",0.0,4000.0,-1000.0,3000.0,1.0,-1000.0,0,LIDC-IDRI-0794
"(157, 512, 512)",0.0,2826.0,-1024.0,1802.0,1.0,-1024.0,0,LIDC-IDRI-0795
"(262, 512, 512)",-2000.0,4095.0,-3024.0,3071.0,1.0,-1024.0,2000,LIDC-IDRI-0796
"(114, 512, 512)",-2048.0,13788.0,-2048.0,13788.0,1.0,0.0,2048,LIDC-IDRI-0798
"(246, 512, 512)",-2000.0,3460.0,-3024.0,2436.0,1.0,-1024.0,2000,LIDC-IDRI-0799
"(423, 512, 512)",0.0,4095.0,-1024.0,3071.0,1.0,-1024.0,0,LIDC-IDRI-0801
"(256, 512, 512)",-2000.0,3234.0,-3024.0,2210.0,1.0,-1024.0,2000,LIDC-IDRI-0802
"(250, 512, 512)",-2000.0,3521.0,-3024.0,2497.0,1.0,-1024.0,2000,LIDC-IDRI-0805
"(481, 512, 512)",-2000.0,2908.0,-3024.0,1884.0,1.0,-1024.0,2000,LIDC-IDRI-0806
"(535, 512, 512)",0.0,3147.0,-1024.0,2123.0,1.0,-1024.0,0,LIDC-IDRI-0807
"(198, 512, 512)",0.0,2689.0,-1024.0,1665.0,1.0,-1024.0,0,LIDC-IDRI-0809
"(458, 512, 512)",-2000.0,3134.0,-3024.0,2110.0,1.0,-1024.0,2000,LIDC-IDRI-0810
"(143, 512, 512)",0.0,4095.0,-1024.0,3071.0,1.0,-1024.0,0,LIDC-IDRI-0812
"(157, 512, 512)",0.0,2667.0,-1024.0,1643.0,1.0,-1024.0,0,LIDC-IDRI-0813
"(200, 512, 512)",0.0,4000.0,-1000.0,3000.0,1.0,-1000.0,0,LIDC-IDRI-0814
"(263, 512, 512)",0.0,4000.0,-1000.0,3000.0,1.0,-1000.0,0,LIDC-IDRI-0815
"(203, 512, 512)",0.0,4095.0,-1024.0,3071.0,1.0,-1024.0,0,LIDC-IDRI-0817
"(375, 512, 512)",-2000.0,4095.0,-3024.0,3071.0,1.0,-1024.0,2000,LIDC-IDRI-0819
"(236, 512, 512)",-2000.0,4095.0,-3024.0,3071.0,1.0,-1024.0,2000,LIDC-IDRI-0820
"(446, 512, 512)",0.0,4095.0,-1024.0,3071.0,1.0,-1024.0,0,LIDC-IDRI-0821
"(300, 512, 512)",0.0,4000.0,-1000.0,3000.0,1.0,-1000.0,0,LIDC-IDRI-0822
"(301, 512, 512)",0.0,4095.0,-1024.0,3071.0,1.0,-1024.0,0,LIDC-IDRI-0825
"(493, 512, 512)",-2000.0,4095.0,-3024.0,3071.0,1.0,-1024.0,2000,LIDC-IDRI-0826
"(461, 512, 512)",-2000.0,4096.0,-3024.0,3072.0,1.0,-1024.0,2000,LIDC-IDRI-0827
"(280, 512, 512)",0.0,4000.0,-1024.0,2976.0,1.0,-1024.0,0,LIDC-IDRI-0830
"(509, 512, 512)",-2000.0,3075.0,-3024.0,2051.0,1.0,-1024.0,2000,LIDC-IDRI-0831
"(246, 512, 512)",-2000.0,3462.0,-3024.0,2438.0,1.0,-1024.0,2000,LIDC-IDRI-0833
"(280, 512, 512)",0.0,4000.0,-1000.0,3000.0,1.0,-1000.0,0,LIDC-IDRI-0834
"(268, 512, 512)",0.0,4000.0,-1000.0,3000.0,1.0,-1000.0,0,LIDC-IDRI-0835
"(171, 512, 512)",0.0,2691.0,-1024.0,1667.0,1.0,-1024.0,0,LIDC-IDRI-0836
"(490, 512, 512)",-2000.0,2838.0,-3024.0,1814.0,1.0,-1024.0,2000,LIDC-IDRI-0837
"(484, 512, 512)",-2000.0,4095.0,-3024.0,3071.0,1.0,-1024.0,2000,LIDC-IDRI-0838
"(155, 512, 512)",-2000.0,2774.0,-3024.0,1750.0,1.0,-1024.0,2000,LIDC-IDRI-0840
"(138, 512, 512)",-1024.0,4095.0,-2048.0,3071.0,1.0,-1024.0,1024,LIDC-IDRI-0842
"(493, 512, 512)",0.0,3421.0,-1024.0,2397.0,1.0,-1024.0,0,LIDC-IDRI-0843
"(481, 512, 512)",-2000.0,2716.0,-3024.0,1692.0,1.0,-1024.0,2000,LIDC-IDRI-0844
"(478, 512, 512)",0.0,4095.0,-1024.0,3071.0,1.0,-1024.0,0,LIDC-IDRI-0845
"(458, 512, 512)",-2000.0,3453.0,-3024.0,2429.0,1.0,-1024.0,2000,LIDC-IDRI-0849
"(240, 512, 512)",-2000.0,4095.0,-3024.0,3071.0,1.0,-1024.0,2000,LIDC-IDRI-0850
"(290, 512, 512)",0.0,4000.0,-1000.0,3000.0,1.0,-1000.0,0,LIDC-IDRI-0851
"(171, 512, 512)",0.0,3354.0,-1024.0,2330.0,1.0,-1024.0,0,LIDC-IDRI-0852
"(436, 512, 512)",-2000.0,2803.0,-3024.0,1779.0,1.0,-1024.0,2000,LIDC-IDRI-0854
"(118, 512, 512)",0.0,2467.0,-1024.0,1443.0,1.0,-1024.0,0,LIDC-IDRI-0855
"(484, 512, 512)",-2000.0,2918.0,-3024.0,1894.0,1.0,-1024.0,2000,LIDC-IDRI-0856
"(381, 512, 512)",-2000.0,3527.0,-3024.0,2503.0,1.0,-1024.0,2000,LIDC-IDRI-0857
"(417, 512, 512)",-2000.0,4095.0,-3024.0,3071.0,1.0,-1024.0,2000,LIDC-IDRI-0858
"(278, 512, 512)",0.0,4095.0,-1024.0,3071.0,1.0,-1024.0,0,LIDC-IDRI-0859
"(187, 512, 512)",0.0,2913.0,-1024.0,1889.0,1.0,-1024.0,0,LIDC-IDRI-0860
"(115, 512, 512)",0.0,2456.0,-1024.0,1432.0,1.0,-1024.0,0,LIDC-IDRI-0861
"(429, 512, 512)",0.0,3754.0,-1024.0,2730.0,1.0,-1024.0,0,LIDC-IDRI-0863
"(219, 512, 512)",0.0,2660.0,-1024.0,1636.0,1.0,-1024.0,0,LIDC-IDRI-0864
"(477, 512, 512)",-2000.0,4095.0,-3024.0,3071.0,1.0,-1024.0,2000,LIDC-IDRI-0867
"(280, 512, 512)",0.0,4000.0,-1000.0,3000.0,1.0,-1000.0,0,LIDC-IDRI-0869
"(189, 512, 512)",0.0,2736.0,-1024.0,1712.0,1.0,-1024.0,0,LIDC-IDRI-0870
"(110, 512, 512)",-2048.0,3901.0,-2048.0,3901.0,1.0,0.0,2048,LIDC-IDRI-0872
"(548, 512, 512)",-2000.0,3212.0,-3024.0,2188.0,1.0,-1024.0,2000,LIDC-IDRI-0874
"(266, 512, 512)",0.0,4000.0,-1000.0,3000.0,1.0,-1000.0,0,LIDC-IDRI-0875
"(261, 512, 512)",-1024.0,4095.0,-2048.0,3071.0,1.0,-1024.0,1024,LIDC-IDRI-0879
"(368, 512, 512)",0.0,4095.0,-1024.0,3071.0,1.0,-1024.0,0,LIDC-IDRI-0883
"(245, 512, 512)",-2000.0,3380.0,-3024.0,2356.0,1.0,-1024.0,2000,LIDC-IDRI-0884
"(95, 512, 512)",0.0,4095.0,-1000.0,3095.0,1.0,-1000.0,0,LIDC-IDRI-0886
"(270, 512, 512)",0.0,4000.0,-1000.0,3000.0,1.0,-1000.0,0,LIDC-IDRI-0888
"(230, 512, 512)",-2000.0,4095.0,-3024.0,3071.0,1.0,-1024.0,2000,LIDC-IDRI-0890
"(119, 512, 512)",-2048.0,4458.0,-2048.0,4458.0,1.0,0.0,2048,LIDC-IDRI-0892
"(290, 512, 512)",0.0,4000.0,-1000.0,3000.0,1.0,-1000.0,0,LIDC-IDRI-0893
"(513, 512, 512)",-2000.0,2782.0,-3024.0,1758.0,1.0,-1024.0,2000,LIDC-IDRI-0895
"(166, 512, 512)",0.0,2602.0,-1024.0,1578.0,1.0,-1024.0,0,LIDC-IDRI-0896
"(272, 512, 512)",0.0,4000.0,-1000.0,3000.0,1.0,-1000.0,0,LIDC-IDRI-0898
"(103, 512, 512)",-2000.0,2942.0,-3024.0,1918.0,1.0,-1024.0,2000,LIDC-IDRI-0899
"(477, 512, 512)",-2000.0,2787.0,-3024.0,1763.0,1.0,-1024.0,2000,LIDC-IDRI-0902
"(101, 512, 512)",-2048.0,3746.0,-2048.0,3746.0,1.0,0.0,2048,LIDC-IDRI-0904
"(245, 512, 512)",-2000.0,4095.0,-3024.0,3071.0,1.0,-1024.0,2000,LIDC-IDRI-0905
"(535, 512, 512)",-2000.0,2847.0,-3024.0,1823.0,1.0,-1024.0,2000,LIDC-IDRI-0908
"(506, 512, 512)",-2000.0,2716.0,-3024.0,1692.0,1.0,-1024.0,2000,LIDC-IDRI-0909
"(161, 512, 512)",0.0,2935.0,-1024.0,1911.0,1.0,-1024.0,0,LIDC-IDRI-0911
"(315, 512, 512)",0.0,4000.0,-1000.0,3000.0,1.0,-1000.0,0,LIDC-IDRI-0912
"(400, 512, 512)",0.0,4000.0,-1000.0,3000.0,1.0,-1000.0,0,LIDC-IDRI-0913
"(261, 512, 512)",-2000.0,3462.0,-3024.0,2438.0,1.0,-1024.0,2000,LIDC-IDRI-0914
"(267, 512, 512)",-2000.0,4095.0,-3024.0,3071.0,1.0,-1024.0,2000,LIDC-IDRI-0915
"(187, 512, 512)",0.0,2790.0,-1024.0,1766.0,1.0,-1024.0,0,LIDC-IDRI-0917
"(246, 512, 512)",-2000.0,3704.0,-3024.0,2680.0,1.0,-1024.0,2000,LIDC-IDRI-0919
"(487, 512, 512)",-2000.0,3085.0,-3024.0,2061.0,1.0,-1024.0,2000,LIDC-IDRI-0920
"(350, 512, 512)",0.0,4000.0,-1000.0,3000.0,1.0,-1000.0,0,LIDC-IDRI-0921
"(413, 512, 512)",-2000.0,4096.0,-3024.0,3072.0,1.0,-1024.0,2000,LIDC-IDRI-0922
"(483, 512, 512)",0.0,2726.0,-1024.0,1702.0,1.0,-1024.0,0,LIDC-IDRI-0923
"(335, 512, 512)",0.0,4095.0,-1000.0,3095.0,1.0,-1000.0,0,LIDC-IDRI-0924
"(308, 512, 512)",0.0,4095.0,-1024.0,3071.0,1.0,-1024.0,0,LIDC-IDRI-0925
"(113, 512, 512)",-2048.0,4821.0,-2048.0,4821.0,1.0,0.0,2048,LIDC-IDRI-0926
"(259, 512, 512)",-2000.0,3502.0,-3024.0,2478.0,1.0,-1024.0,2000,LIDC-IDRI-0929
"(199, 512, 512)",0.0,2585.0,-1024.0,1561.0,1.0,-1024.0,0,LIDC-IDRI-0932
"(179, 512, 512)",0.0,3484.0,-1024.0,2460.0,1.0,-1024.0,0,LIDC-IDRI-0933
"(121, 512, 512)",0.0,4095.0,-1024.0,3071.0,1.0,-1024.0,0,LIDC-IDRI-0935
"(227, 512, 512)",-2000.0,4095.0,-3024.0,3071.0,1.0,-1024.0,2000,LIDC-IDRI-0936
"(244, 512, 512)",-2000.0,4095.0,-3024.0,3071.0,1.0,-1024.0,2000,LIDC-IDRI-0938
"(465, 512, 512)",-2000.0,2822.0,-3024.0,1798.0,1.0,-1024.0,2000,LIDC-IDRI-0939
"(474, 512, 512)",-2000.0,3071.0,-3024.0,2047.0,1.0,-1024.0,2000,LIDC-IDRI-0940
"(545, 512, 512)",-2000.0,2854.0,-3024.0,1830.0,1.0,-1024.0,2000,LIDC-IDRI-0941
"(246, 512, 512)",0.0,4000.0,-1000.0,3000.0,1.0,-1000.0,0,LIDC-IDRI-0942
"(477, 512, 512)",-2000.0,2677.0,-3024.0,1653.0,1.0,-1024.0,2000,LIDC-IDRI-0943
"(114, 512, 512)",0.0,4095.0,-1024.0,3071.0,1.0,-1024.0,0,LIDC-IDRI-0944
"(124, 512, 512)",-2048.0,1483.0,-2048.0,1483.0,1.0,0.0,2048,LIDC-IDRI-0945
"(124, 512, 512)",0.0,3184.0,-1024.0,2160.0,1.0,-1024.0,0,LIDC-IDRI-0946
"(503, 512, 512)",-2000.0,2995.0,-3024.0,1971.0,1.0,-1024.0,2000,LIDC-IDRI-0947
"(104, 512, 512)",-2048.0,4255.0,-2048.0,4255.0,1.0,0.0,2048,LIDC-IDRI-0949
"(273, 512, 512)",-2000.0,3660.0,-3024.0,2636.0,1.0,-1024.0,2000,LIDC-IDRI-0950
"(300, 512, 512)",0.0,3672.0,-1000.0,2672.0,1.0,-1000.0,0,LIDC-IDRI-0951
"(372, 512, 512)",-2000.0,2676.0,-3024.0,1652.0,1.0,-1024.0,2000,LIDC-IDRI-0953
"(463, 512, 512)",-2000.0,2614.0,-3024.0,1590.0,1.0,-1024.0,2000,LIDC-IDRI-0955
"(229, 512, 512)",-2000.0,3587.0,-3024.0,2563.0,1.0,-1024.0,2000,LIDC-IDRI-0956
"(135, 512, 512)",0.0,4087.0,-1024.0,3063.0,1.0,-1024.0,0,LIDC-IDRI-0958
"(126, 512, 512)",-2048.0,2038.0,-2048.0,2038.0,1.0,0.0,2048,LIDC-IDRI-0961
"(123, 512, 512)",0.0,3264.0,-1024.0,2240.0,1.0,-1024.0,0,LIDC-IDRI-0962
"(481, 512, 512)",-2000.0,2844.0,-3024.0,1820.0,1.0,-1024.0,2000,LIDC-IDRI-0963
"(328, 512, 512)",0.0,4095.0,-1000.0,3095.0,1.0,-1000.0,0,LIDC-IDRI-0965
"(154, 512, 512)",-2000.0,3213.0,-3024.0,2189.0,1.0,-1024.0,2000,LIDC-IDRI-0966
"(337, 512, 512)",0.0,4095.0,-1024.0,3071.0,1.0,-1024.0,0,LIDC-IDRI-0968
"(99, 512, 512)",-2048.0,12858.0,-2048.0,12858.0,1.0,0.0,2048,LIDC-IDRI-0972
"(193, 512, 512)",0.0,4095.0,-1024.0,3071.0,1.0,-1024.0,0,LIDC-IDRI-0973
"(101, 512, 512)",0.0,3021.0,-1024.0,1997.0,1.0,-1024.0,0,LIDC-IDRI-0974
"(255, 512, 512)",-2000.0,4095.0,-3024.0,3071.0,1.0,-1024.0,2000,LIDC-IDRI-0976
"(350, 512, 512)",0.0,3227.0,-1000.0,2227.0,1.0,-1000.0,0,LIDC-IDRI-0978
"(104, 512, 512)",-2048.0,3573.0,-2048.0,3573.0,1.0,0.0,2048,LIDC-IDRI-0980
"(449, 512, 512)",-2000.0,2777.0,-3024.0,1753.0,1.0,-1024.0,2000,LIDC-IDRI-0981
"(541, 512, 512)",-2000.0,3083.0,-3024.0,2059.0,1.0,-1024.0,2000,LIDC-IDRI-0982
"(419, 512, 512)",0.0,2740.0,-1024.0,1716.0,1.0,-1024.0,0,LIDC-IDRI-0985
"(127, 512, 512)",-1024.0,4095.0,-2048.0,3071.0,1.0,-1024.0,1024,LIDC-IDRI-0986
"(477, 512, 512)",-2000.0,2896.0,-3024.0,1872.0,1.0,-1024.0,2000,LIDC-IDRI-0987
"(290, 512, 512)",0.0,4000.0,-1000.0,3000.0,1.0,-1000.0,0,LIDC-IDRI-0989
"(300, 512, 512)",0.0,4000.0,-1024.0,2976.0,1.0,-1024.0,0,LIDC-IDRI-0990
"(126, 512, 512)",-2048.0,3898.0,-2048.0,3898.0,1.0,0.0,2048,LIDC-IDRI-0993
"(545, 512, 512)",-2000.0,2730.0,-3024.0,1706.0,1.0,-1024.0,2000,LIDC-IDRI-0994
"(231, 512, 512)",0.0,2751.0,-1000.0,1751.0,1.0,-1000.0,0,LIDC-IDRI-0996
"(538, 512, 512)",0.0,3008.0,-1024.0,1984.0,1.0,-1024.0,0,LIDC-IDRI-0997
"(107, 512, 512)",0.0,4032.0,-1024.0,3008.0,1.0,-1024.0,0,LIDC-IDRI-0998
"(194, 512, 512)",0.0,4095.0,-1024.0,3071.0,1.0,-1024.0,0,LIDC-IDRI-1001
"(321, 512, 512)",0.0,4000.0,-1000.0,3000.0,1.0,-1000.0,0,LIDC-IDRI-1002
"(186, 512, 512)",0.0,4073.0,-1024.0,3049.0,1.0,-1024.0,0,LIDC-IDRI-1003
"(529, 512, 512)",-2000.0,4095.0,-3024.0,3071.0,1.0,-1024.0,2000,LIDC-IDRI-1004
"(312, 512, 512)",0.0,4095.0,-1024.0,3071.0,1.0,-1024.0,0,LIDC-IDRI-1005
"(325, 512, 512)",0.0,4000.0,-1000.0,3000.0,1.0,-1000.0,0,LIDC-IDRI-1006
"(186, 512, 512)",0.0,4095.0,-1024.0,3071.0,1.0,-1024.0,0,LIDC-IDRI-1007
"(115, 512, 512)",-2048.0,3001.0,-2048.0,3001.0,1.0,0.0,2048,LIDC-IDRI-1008
"(166, 512, 512)",-2000.0,2724.0,-3024.0,1700.0,1.0,-1024.0,2000,LIDC-IDRI-1012
